Run,Status,Motor Type,Max Current,Poles,Inertial LoadEncoder Resolution,Encoder Direction,Constraints Enabled,Constraints Defaults,R,L,Zeta_i,Motor Bandwidth (Hz),Kp_i,Ki_i,Ki_i_dt,Gain crossover frequency(rad/s),Phase crossover freqency(rad/s),Gain Margin,Phase Margin,Current Loop Bandwidth (Hz),Critial Current,RAMDebug samples,RAMDebug divisor,K_est,J_est,b_est,fs_est,Max Velocity (rads/sec),Mech_BW (rads/sec),Kp_v,Ki_v,Ki_v_dt,f_vf (Hz),Kp_p
0,Pass,Stepper,1.0,50,,10000,0,0.0,5.613963217097146,0.007811129367622924,1.0,114.38678765718561,32.278643990771165,23199.093438790293,0.9279637375516118,4132.391421471768,39267.578125,19.556653303025836,80.52925649014402,2287.735753143712,0.049591064453125,512,64,0.3728643456837544,4.7390169392607165e-05,4.01934004138621e-05,0.016291144970476713,32.18328633164037,750.9832820385717,0.013342868034585568,0.00951053319196235,3.8042132767849405e-07,135.55248170121314,26.771596227956366
